<?xml version="1.0" encoding="UTF-8"?>
<project-private xmlns="http://www.netbeans.org/ns/project-private/1">
    <editor-bookmarks xmlns="http://www.netbeans.org/ns/editor-bookmarks/2" lastBookmarkId="0"/>
    <open-files xmlns="http://www.netbeans.org/ns/projectui-open-files/2">
        <group>
            <file>file:/D:/Downloads/Compilador-master/Compilador-master/src/compilador/Analisador_Lexico.java</file>
            <file>file:/D:/Downloads/Compilador-master/Compilador-master/src/compilador/Compilador.java</file>
            <file>file:/D:/Downloads/Compilador-master/Compilador-master/src/TF_IDF/TF_IDF.java</file>
            <file>file:/D:/Downloads/Compilador-master/Compilador-master/src/compilador/Token.java</file>
            <file>file:/D:/Downloads/Compilador-master/Compilador-master/src/TF_IDF/Arquivo.java</file>
        </group>
    </open-files>
</project-private>
